{"type": "block", "layer": 0, "block": 0, "features": [{"geom": {"lines": [[49.026134049054235, -1387.2951423013583, 2015.416474762935, 32.00668424263131, -1352.9652595953085, 2016.4599609375, 23.41988846368622, -1291.7751999441534, 2011.1800537109375, -17.593582522007637, -1090.3255563117564, 1993.489990234375, -255.1946624002885, -667.1655942692887, 2013.77001953125, -302.97185146575794, -548.9510627482086, 2020.489990234375, -343.15802367485594, -347.57815715577453, 2019.97998046875, -435.6053939741105, -27.186581925023347, 2015.300048828125, -753.6853007520549, 208.98409913876094, 2063.840087890625, -837.4399842343992, 511.239170452347, 2014.3699951171875, -825.5668373105582, 650.1011492994148, 2027.6700439453125, -1207.3040638366947, 1314.9484746013768, 2136.919921875, -1270.5700237691635, 1387.2951423013583, 2144.107807962581]]}, "mtl": {"idx": 0}}], "featureCount": 1, "startIndex": 0}